id	molecular_formula	name	inchi	inchi_key
2-METHYL-6-SOLANYL-14-BENZOQUINONE	C52H80O2	2-methyl-6-all-trans-nonaprenyl-1,4-benzoquinol		
5-METHYLTHIOADENOSINE	C11H15N5O3S	S-methyl-5'-thioadenosine		
DIHYDROSIROHYDROCHLORIN	C42H41N4O16	precorrin-2		
|Oxo-glutarate-dehydro-suc-DH-lipoyl|		a [2-oxoglutarate dehydrogenase E2 protein] N6-S-succinyldihydrolipoyl-L-lysine		
|Very-Long-Chain-3-Hydroxyacyl-CoAs|		a very-long-chain (3R)-3-hydroxyacyl-CoA		
CPD-10280	C45H78N7O17P3S	lignoceroyl-CoA		
CPD-14553	C15H22N2O17P2	UDP-alpha-D-galactose		
DIVINYLCHLOROPHYLLIDE-A	C35H30MgN4O5	3,8-divinyl chlorophyllide a		
|Lipid-hydroxy-fatty-acids|		a hydroxy-fatty-acyl-[lipid]		
GERANYL-PP	C10H17O7P2	geranyl diphosphate		
|Xylogalacturonan|		a xylogalacturonan		
5-P-RIBOSYL-N-FORMYLGLYCINEAMIDE	C8H13N2O9P	N2-formyl-N1-(5-phospho-beta-D-ribosyl)glycinamide		
ISOCHORISMATE	C10H8O6	isochorismate		
CPD-14276	C43H74N7O18P3S	(3R)-3-hydroxy-behenoyl-CoA		
NN-DIACETYLCHITOBIOSYLDIPHOSPHODOLICHO	C96H158N2O17P2	N-acetyl-beta-D-glucosaminyl-(1->4)-N-acetyl-alpha-D-glucosaminyl-diphosphodolichol		
INOSINE	C10H12N4O5	inosine		
DIPHOSPHO-1D-MYO-INOSITOL-TETRAKISPHOSPH	C6H7O24P6	a diphospho-1D-myo-inositol tetrakisphosphate		
CPD4FS-5	C6H11O9P	beta-L-gulose 1-phosphate		
CPD-13357	C5H9O4	(2R)-2,3-dihydroxy-3-methylbutanoate		
|S-Substituted-L-Cysteines|		an L-cysteine-S-conjugate		
INDOLE-3-ACETYL-LEU	C16H19N2O3	indole-3-acetyl-L-leucine		
FARNESYL-PP	C15H25O7P2	(2E,6E)-farnesyl diphosphate		
HSCN	CNS	thiocyanate		
CPD-7214	C15H11O7	(2S)-dihydrotricetin		
SHIKIMATE-5P	C7H8O8P	shikimate 3-phosphate		
CPD-444	C6H11O7PS	S-(methyl-5-thio-alpha-D-ribose 1-phosphate		
CDPDIACYLGLYCEROL		a CDP-diacylglycerol		
CPD-7535	C40H60	9,15,9'-tri-cis-zeta-carotene		
CPD-14893	C28H48O	ergost-7-enol		
PROTON	H	H+		
PROPIONATE	C3H5O2	propanoate		
|Long-Chain-Fatty-Acids|		a long-chain fatty acid		
CPD-12377	HO	hydroxyl radical		
2-ACETO-2-HYDROXY-BUTYRATE	C6H9O4	(S)-2-aceto-2-hydroxybutanoate		
|Soluble-Heteroglycans|		a plant soluble heteroglycan		
TRANS-D2-ENOYL-ACP		a trans-2-enoyl-[acyl-carrier protein]		
CPD-8077	C43H76O10	1-18:1-2-16:2-monogalactosyldiacylglycerol		
CPD-17449		a [protein]-2-aminoprop-2-enoate		
IMIDAZOLE-ACETOL-P	C6H7N2O5P	imidazole acetol-phosphate		
|6-Phosphogluco-Amylopectins|		a 6-phosphogluco-amylopectin		
|3-oxo-hexanoyl-ACPs|		a 3-oxo-hexanoyl-[acp]		
CPD-170	C24H42O21	stachyose		
ILE	C6H13NO2	L-isoleucine		
GMP	C10H12N5O8P	GMP		
4-AMINO-4-DEOXYCHORISMATE	C10H10NO5	4-amino-4-deoxychorismate		
CPD-14901	C29H50O	poriferst-7-enol		
|Hexanoyl-ACPs|		a hexanoyl-[acyl-carrier-protein]		
CPD-602	C9H13N4O9P	5-amino-6-(5-phospho-D-ribosylamino)uracil		
SULFATE	O4S	sulfate		
|3-Hydroxy-octanoyl-ACPs|		a (3R)-3-hydroxyoctanoyl-[acp]		
OH-ACYL-ACP		a (3R)-3-hydroxyacyl-[acyl-carrier protein]		
TETRADEHYDROACYL-COA		a (2E,4E)-dienoyl-CoA		
3-DEOXY-D-ARABINO-HEPTULOSONATE-7-P	C7H10O10P	3-deoxy-D-arabino-heptulosonate 7-phosphate		
|Oxidized-Polyvinyl-Alcohol|		oxidized polyvinyl alcohol(n)		
5-HYDROXY-TRYPTOPHAN	C11H12N2O3	5-hydroxy-L-tryptophan		
CPD-15032	C40H56O3	caloxanthin		
CPDQT-400	C17H19N6O12P2S	2-carboxylate-4-methyl-5-beta-(ethyl adenosine 5-diphosphate) thiazole		
DAMP	C10H12N5O6P	dAMP		
B-KETOACYL-ACP		a 3-oxoacyl-[acp]		
L-GLUTAMATE-5-P	C5H8NO7P	gamma-L-glutamyl 5-phosphate		
DUMP	C9H11N2O8P	dUMP		
CPD-8079	C43H74O10	1-18:1-2-16:3-monogalactosyldiacylglycerol		
CPD-387	I	iodide		
CARNOSINE	C9H14N4O3	carnosine		
GAMA-TOCOPHEROL	C28H48O2	gamma-tocopherol		
PROT-CYS		a [protein]-L-cysteine		
PROTOHEME	C34H30FeN4O4	ferroheme b		
2-D-THREO-HYDROXY-3-CARBOXY-ISOCAPROATE	C7H10O5	(2R,3S)-3-isopropylmalate		
CPD-14905	C31H52O	4alpha,14alpha-dimethyl-porifersta-8,25(27)-dienol		
CPD-845	CH3Cl	methyl chloride		
|Decanoyl-ACPs|		a decanoyl-[acp]		
2-OXOBUTANOATE	C4H5O3	2-oxobutanoate		
NAD	C21H26N7O14P2	NAD+		
NEUROSPORENE	C40H58	all-trans neurosporene		
S2O3	HO3S2	thiosulfate		
LINOLENIC_ACID	C18H29O2	alpha-linolenate		
CPD-19759	C35H32MgN4O7	71-dihydroxychlorophyllide a		
CELLULOSE		cellulose		
CPD-8076	C43H74O10	1-18:3-2-16:1-monogalactosyldiacylglycerol		
UDP-D-GALACTO-14-FURANOSE	C15H22N2O17P2	UDP-alpha-D-galactofuranose		
|Tetradec-2-enoyl-ACPs|		a trans tetradec-2-enoyl-[acp]		
CPDIO2-6	C44H81NO7	1-16:0-2-18:2-diacylglycerol-trimethylhomoserine		
CPD-9973		an [eIF5A-precursor]-deoxyhypusine		
CPDIO2-9	C43H68O10	1-18:3-2-16:4-monogalactosyldiacylglycerol		
|Chitodextrins|		a chitodextrin		
CPD-535	C6H10O12P2	beta-D-fructose 2,6-bisphosphate		
RIBOFLAVIN	C17H19N4O6	riboflavin		
GAMMA-LINOLENOYL-COA	C39H60N7O17P3S	gamma-linolenoyl-CoA		
MESO-DIAMINOPIMELATE	C7H14N2O4	meso-diaminopimelate		
HOMOGENTISATE	C8H7O4	homogentisate		
2-KETO-ISOVALERATE	C5H7O3	3-methyl-2-oxobutanoate		
CPD-506	C6H8O18P4	D-myo-inositol (1,3,4,5)-tetrakisphosphate		
HYPOXANTHINE	C5H4N4O	hypoxanthine		
|R-3-hydroxymyristoyl-ACPs|		a (3R)-3-hydroxymyristoyl-[acp]		
ALPHA-GLC-6-P	C6H11O9P	alpha-D-glucose 6-phosphate		
PHOSPHATIDYL-MYO-INOSITOL-45-BISPHOSPHA		a 1-phosphatidyl-1D-myo-inositol 4,5-bisphosphate		
SUC	C4H4O4	succinate		
CPD-177		a 1-phosphatidyl-1D-myo-inositol 3-phosphate		
|Oxidized-flavodoxins|	C17H19N4O9P	an oxidized flavodoxin		
HCO3	CHO3	hydrogencarbonate		
ALPHA-D-MANNOSYLCHITOBIO	C102H168N2O22P2	beta-D-Man-(1->4)-beta-D-GlcNAc-(1->4)-alpha-D-GlcNAc-diphosphodolichol		
|Phospholipid-Olefinic-Fatty-Acids|		a [phospholipid] olefinic fatty acid		
CPD-5662	C10H17N2O3S	9-mercaptodethiobiotin		
N-ACETYL-D-GLUCOSAMINE-1-P	C8H14NO9P	N-acetyl-alpha-D-glucosamine 1-phosphate		
CHORISMATE	C10H8O6	chorismate		
|Lipoyl-Protein-L-Lysine|		a [lipoyl-carrier protein]-L-lysine		
L-GULONO-1-4-LACTONE	C6H10O6	L-gulono-1,4-lactone		
N-ACETYL-D-GLUCOSAMINE-16-BIS-P	C8H13NO12P2	N-acetyl-D-glucosamine 1,6-bisphosphate		
|1-4-alpha-D-galacturonosyl|		a homogalacturonan		
IMP	C10H11N4O8P	IMP		
CYS	C3H7NO2S	L-cysteine		
CIT	C6H5O7	citrate		
CARBAMOYL-P	CH2NO5P	carbamoyl phosphate		
S-ADENOSYLMETHIONINAMINE	C14H24N6O3S	S-adenosyl 3-(methylthio)propylamine		
|Protein-Dithiols|		a protein dithiol		
BETAINE-ALDEHYDE-HYDRATE	C5H14NO2	betaine aldehyde hydrate		
|ETR-Quinones|		an electron-transfer quinone		
NAD-P-OR-NOP		NAD(P)+		
CPD-7100	C7H8O5	(2S)-2-isopropyl-3-oxosuccinate		
OH-MYRISTOYL	C43H75N3O20P2	UDP-2-N,3-O-bis[(3R)-3-hydroxytetradecanoyl]-alpha-D-glucosamine		
CPD-14407	C41H64N7O17P3S	dihomo gamma-linolenoyl-CoA		
|Light|		hnu		
|Tetragalactosyldiacylglycerol|		a tetragalactosyldiacylglycerol		
CPD-6947	C30H44O2	demethylphylloquinone		
CONIFERYL-ALCOHOL	C10H12O3	coniferyl alcohol		
5-DIPHOSPHO-1D-MYO-INOSITOL-12346P	C6H6O27P7	1D-myoinositol 5-diphosphate 1,2,3,4,6-pentakisphosphate		
3-ENOLPYRUVYL-SHIKIMATE-5P	C10H9O10P	5-enolpyruvoyl-shikimate 3-phosphate		
PORPHOBILINOGEN	C10H13N2O4	porphobilinogen		
|Donor-H2|		a reduced electron acceptor		
GLT	C5H8NO4	L-glutamate		
LIPOYL-AMP	C18H25N5O8PS2	lipoyl-adenylate		
|Oxo-glutarate-dehydrogenase-lipoyl|		a [2-oxoglutarate dehydrogenase E2 protein] N6-lipoyl-L-lysine		
L-ASPARTATE	C4H6NO4	L-aspartate		
CPD-14891	C28H46O	ergosta-8,25(27)-dienol		
CPD-409		a 2-acylglycerol		
ALLANTOATE	C4H7N4O4	allantoate		
SUCROSE	C12H22O11	sucrose		
|trans-2-cis-5-dienoyl-CoA|		a (2E,5Z)-alkan-2,5-dienoyl-CoA		
UDP-D-GALACTURONATE	C15H19N2O18P2	UDP-alpha-D-galacturonate		
EIF5A-LYSINE		an [eIF5A-precursor]-lysine		
CPD-5162	C114H188N2O32P2	alpha-D-Man-(1->3)-[alpha-D-Man-(1->6)]-alpha-D-Man-(1->4)-beta-D-GlcNAc-(1->4)-alpha-D-GlcNAc-diphosphodolichol		
CPD-14404	C41H62N7O18P3S	3-oxo-dihomo gamma-linolenoyl-CoA		
AMMONIUM	H4N	ammonium		
FMN	C17H18N4O9P	FMN		
PREPHENATE	C10H8O6	prephenate		
OXALO-SUCCINATE	C6H3O7	oxalosuccinate		
CPD-14889	C30H50O	4alpha, 14alpha-dimethyl ergosta-8,25(27)-dienol		
CPD-696	C31H52O	24-methylenecycloartanol		
CPD-15742	C20H21NO4	papaverine		
2K-4CH3-PENTANOATE	C6H9O3	4-methyl-2-oxopentanoate		
CPD-68	C4H7NO2	1-aminocyclopropane-1-carboxylate		
CPD-6744	C6H9O15P3	D-myo-inositol (1,2,6) trisphosphate		
|4-Hydroxysphing-8E-enine-ceramides|		an (8E)-4-hydroxysphing-8-enine ceramide		
|Fatty-Acids|		a fatty acid		
SELENOHOMOCYSTEINE	C4H9NO2Se	seleno-L-homocysteine		
10-FORMYL-DIHYDROFOLATE-GLU-N		an N10-formyldihydrofolate		
|Menaquinols|		a menaquinol		
LAUROYLCOA-CPD	C33H54N7O17P3S	lauroyl-CoA		
S-HYDROXYMETHYLGLUTATHIONE	C11H18N3O7S	S-(hydroxymethyl)glutathione		
AGMATHINE	C5H16N4	agmatine		
CPD-4	C10H11N5O6PS2	molybdopterin		
CPD-14902	C29H48O	porifersta-7,25(27)-dienol		
CPD-7015	C35H32MgN4O6	71-hydroxychlorophyllide a		
CPD-13612	C18H40NO2	D-erythro-sphinganine		
SE-2	Se	selenide		
DIHYDROXYNAPHTHOATE	C11H7O4	2-carboxy-1,4-naphthoquinol		
CPD-17283		a [glycerolipid]-di-homo-gamma-linolenate		
CPD-464	C40H65O7P2	prephytoene diphosphate		
GTP	C10H12N5O14P3	GTP		
SEPO3	HO3PSe	selenophosphate		
CPD-20012	C15H12O5	naringenin chalcone		
D-MYO-INOSITOL-34-BISPHOSPHATE	C6H10O12P2	D-myo-inositol (3,4)-bisphosphate		
FORMYL-THF-GLU-N		an N10-formyl-tetrahydrofolate		
5-PHOSPHO-RIBOSYL-GLYCINEAMIDE	C7H14N2O8P	N1-(5-phospho-beta-D-ribosyl)glycinamide		
|Ubiquinols|		an ubiquinol		
SUCC-S-ALD	C4H5O3	succinate semialdehyde		
CPD-14900	C29H48O	porifersta-5,7-dienol		
ATP	C10H12N5O13P3	ATP		
2-METHYL-BUTYRYL-COA	C26H40N7O17P3S	2-methylbutanoyl-CoA		
CPD-6681	C6H9O15P3	D-myo-inositol (3,4,6)-trisphosphate		
CPD-20425	C40H54O3	4',4'-dihydroxyechinenone		
3-KETOBUTYRATE	C4H5O3	acetoacetate		
|Trans-3-enoyl-CoAs|		a (3E)-alkan-3-enoyl-CoA		
DI-H-URACIL	C4H6N2O2	5,6-dihydrouracil		
|Diacylglycerol-NNN-trimethylhomoserines|		a diacylglyceryl-N,N,N-trimethylhomoserine		
|Phospholipids|		a phospholipid		
ALPHA-D-GALACTOSE	C6H12O6	alpha-D-galactose		
CPD-15815	O	an unknown oxygen source		
CPD-12929	C27H42O	5alpha-cholesta-7,24-dien-3-one		
E-		e-		
C05359		RXN0-6490		
STEARIC_ACID	C18H35O2	stearate		
|N-acetyl-D-glucosamine|	C8H15NO6	|N-acetyl-D-glucosamine|		
CPD-13171	C40H62	15,9'-di-cis-phytofluene		
CPD-10283	C43H72N7O18P3S	3-oxo-behenoyl-CoA		
RX		RX		
|Acetoacetyl-ACPs|		an acetoacetyl-[acp]		
CPD-2961	C6H10O10P	D-gluconate 6-phosphate		
LIPOIC-ACID	C8H13O2S2	(R)-lipoate		
CPD-5821	C5H5N4O5	(S)-2-oxo-4-hydroxy-4-carboxy-5-ureidoimidazoline		
PHOSPHATIDYLCHOLINE		a phosphatidylcholine		
|Oxidized-Plastocyanins|		an oxidized plastocyanin		
CPD-6741	C6H7O21P5	D-myo-inositol (1,2,3,5,6) pentakisphosphate		
|Glucosyl-acyl-sphinganines|		a beta-D-glucosyl-N-acylsphinganine		
L-1-LYSOPHOSPHATIDATE	C21H39O7P	1-oleyl-2-lyso-phosphatidate		
CPD-5164	C126H208N2O42P2	alpha-D-Man-(1->2)-alpha-D-Man-(1->2)-alpha-D-Man-(1->3)-[alpha-D-Man-(1->6)]-beta-D-Man-(1->4)-beta-D-GlcNAc-(1->4)-alpha-D-GlcNAc-diphosphodolichol		
BISOHMYR-GLC	C68H127N2O20P	lipid A disaccharide		
KDO-LIPID-IVA	C76H137N2O30P2	alpha-Kdo-(2->6)-lipid IVA		
CPD-15056	C4H6NO2	(2Z)-2-aminobut-2-enoate		
CPD-14282	C45H76N7O17P3S	trans-lignocer-2-enoyl-CoA		
CPD-14283	C47H80N7O17P3S	trans-cerot-2-enoyl-CoA		
CPD-12379		eumelanin		
THREO-DS-ISO-CITRATE	C6H5O7	D-threo-isocitrate		
CPD-14903	C29H48O	porifersta-8,25(27)-dienol		
CPD-11529	C33H48N7O18P3S	(+)-7-epi-jasmonoyl-CoA		
D-3-HYDROXYACYL-COA		a (3R)-3-hydroxyacyl-CoA		
CPD-6747	C6H10O12P2	D-myo-inositol (1,2) bisphosphate		
ACP		a holo-[acyl-carrier protein]		
CPD-520	C15H9O7	quercetin		
CPD-14646	C40H56	9-cis-beta-carotene		
ADP	C10H12N5O10P2	ADP		
CPD-15895	C5H9O8P	aldehydo-D-ribose 5-phosphate		
PHOSPHORIBOSYL-CARBOXY-AMINOIMIDAZOLE	C9H11N3O9P	5-amino-1-(5-phospho-D-ribosyl)imidazole-4-carboxylate		
CPD-11523	C37H56N7O19P3S	3-oxo-2-(cis-2'-pentenyl)-cyclopentane-1-(3R-hydroxyhexanoyl)-CoA		
CPD-20423	C40H56O4	4,4-dihydroxyzeaxanthin		
|ETF-Oxidized|		an oxidized electron-transfer flavoprotein		
DEOXYURIDINE	C9H12N2O5	2'-deoxyuridine		
ALL-TRANS-HEXAPRENYL-DIPHOSPHATE	C30H49O7P2	all-trans-hexaprenyl diphosphate		
23-DIPHOSPHOGLYCERATE	C3H3O10P2	2,3-diphospho-D-glycerate		
5-HYDROXY-CTP	C9H12N3O15P3	5-hydroxy-CTP		
CPD-9965	C41H70N7O17P3S	icosanoyl-CoA		
DESMOSTEROL-CPD	C27H44O	desmosterol		
CPD-14651	C19H23O5	carlactone carboxylate		
PHOSPHORIBOSYL-ATP	C15H20N5O20P4	1-(5-phospho-beta-D-ribosyl)-ATP		
ETOH	C2H6O	ethanol		
CPD-11712	C27H40O2	2-methyl-6-geranylgeranyl-1,4-benzoquinol		
|Galactosyl-galactosyl-diacyl-glycerols|		an alpha,beta-digalactosyldiacylglycerol		
DIACYLGLYCEROL-PYROPHOSPHATE		a 1,2-diacyl-sn-glycerol 3-diphosphate		
|Phospholipid-Cyclopropane-Fatty-Acids|		a [phospholipid] cyclopropane fatty acid		
CHLOROPHYLL-A	C55H71MgN4O5	chlorophyll a		
|Myristoyl-ACPs|		a myristoyl-[acp]		
TRP	C11H12N2O2	L-tryptophan		
MALONYL-COA	C24H33N7O19P3S	malonyl-CoA		
NADP	C21H25N7O17P3	NADP+		
CPD-14650	C8H10O2	(2E,4E,6E)-7-hydroxy-4-methylhepta-2,4,6-trienal		
CPD-1086	C9H15N4O9P	5-amino-6-(5-phospho-D-ribitylamino)uracil		
CPD-8166	C45H76O10	1-18:2-2-18:3-monogalactosyldiacylglycerol		
CPD-15800	C20H23NO4	dihydropapaverine		
HMP	C6H9N3O	4-amino-2-methyl-5-pyrimidinemethanol		
CPD0-1905	C10H12N5O14P3	8-oxo-dGTP		
5-PHOSPHORIBOSYL-N-FORMYLGLYCINEAMIDINE	C8H15N3O8P	2-(formamido)-N1-(5-phospho-beta-D-ribosyl)acetamidine		
CPD-11522	C37H54N7O18P3S	3-oxo-2-(cis-2'-pentenyl)-cyclopentane-1-(E-hexa-2-enoyl)-CoA		
|Phytoceramides|		a phytoceramide		
DODECANOATE	C12H23O2	laurate		
CPD-11518	C39H58N7O18P3S	3-oxo-2-(cis-2'-pentenyl)-cyclopentane-1-(E-octa-2-enoyl)-CoA		
2C-METH-D-ERYTHRITOL-CYCLODIPHOSPHATE	C5H10O9P2	2-C-methyl-D-erythritol-2,4-cyclodiphosphate		
3-DEHYDRO-SHIKIMATE	C7H7O5	3-dehydroshikimate		
2-3-CARBOXY-3-METHYLAMMONIOPROPYL-L-		a 2-[(3S)-3-carboxy-3-(methylammonio)propyl]-L-histidine-[translation elongation factor 2]		
THIAMINE-P	C12H16N4O4PS	thiamine phosphate		
CO-A	C21H32N7O16P3S	coenzyme A		
2-DEHYDROPANTOATE	C6H9O4	2-dehydropantoate		
BETA-TOCOPHEROL	C28H48O2	beta-tocopherol		
CPD-8080	C43H72O10	1-18:2-2-16:3-monogalactosyldiacylglycerol		
1-2-DIPALMITOYLPHOSPHATIDYLCHOLINE	C40H80NO8P	1,2-dipalmitoyl-phosphatidylcholine		
CPD-12917	C28H46O2	4alpha-hydroxymethyl-5alpha-cholesta-7,24-dien-3beta-ol		
LEU	C6H13NO2	L-leucine		
INDOLE-3-ACETYL-ALA	C13H13N2O3	indole-3-acetyl-L-alanine		
BIOTIN	C10H15N2O3S	biotin		
|Very-long-Chain-234-Saturated-acyl-CoAs|		a very-long-chain 2,3,4-saturated fatty acyl CoA		
CPD-8078	C43H72O10	1-18:3-2-16:2-monogalactosyldiacylglycerol		
CPD3DJ-82		a dihydroceramide		
CPD-17063	C49H56FeN4O5	ferroheme o		
CPD-7676	CH3I	methyl iodide		
CPD-497	C9H12N2O6	pseudouridine		
SER	C3H7NO3	L-serine		
TREHALOSE-6P	C12H21O14P	alpha,alpha-trehalose 6-phosphate		
|L-Galactopyranose|	C6H12O6	L-galactopyranose		
L-1-PHOSPHATIDYL-GLYCEROL		an L-1-phosphatidyl-sn-glycerol		
|Nucleoside-Diphosphates|		a nucleoside diphosphate		
GUANOSINE-5DP-3DP	C10H12N5O17P4	ppGpp		
DIHYDRO-NEO-PTERIN	C9H13N5O4	7,8-dihydroneopterin		
FRUCTOSE-16-DIPHOSPHATE	C6H10O12P2	beta-D-fructose 1,6-bisphosphate		
|L-gulopyranose|	C6H12O6	|L-gulopyranose|		
PYRIDOXAMINE	C8H13N2O2	pyridoxamine		
CPD-4209	C10H13N5	N6-dimethylallyladenine		
|Red-Glutaredoxins|		a reduced glutaredoxin		
CPD-14273	C45H76N7O18P3S	3-oxo-lignoceroyl-CoA		
CARBAMYUL-L-ASPARTATE	C5H6N2O5	N-carbamoyl-L-aspartate		
GAP	C3H5O6P	D-glyceraldehyde 3-phosphate		
L-DELTA1-PYRROLINE_5-CARBOXYLATE	C5H6NO2	(S)-1-pyrroline-5-carboxylate		
|Phosphorylated-phosphoglucomutase|		a phosphorylated phosphoglucomutase		
NADPH	C21H26N7O17P3	NADPH		
|Orthophosphoric-Monoesters|		a phosphate monoester		
CHITIN		chitin		
|Beta-hydroxydecanoyl-ACPs|		a (3R)-3-hydroxydecanoyl-[acp]		
PROTOPORPHYRIN_IX	C34H32N4O4	protoporphyrin IX		
GDP-TP	C10H12N5O20P5	pppGpp		
CYCLOEUCALENOL	C30H50O	cycloeucalenol		
QUINOLINATE	C7H3NO4	quinolinate		
|ETR-Quinols|		an electron-transfer quinol		
3-5-ADP	C10H11N5O10P2	adenosine 3',5'-bisphosphate		
DEPHOSPHO-COA	C21H33N7O13P2S	3'-dephospho-CoA		
FRUCTOSE-6P	C6H11O9P	beta-D-fructofuranose 6-phosphate		
FADH2	C27H33N9O15P2	FADH2		
INOSITOL-1-3-4-TRIPHOSPHATE	C6H9O15P3	D-myo-inositol (1,3,4)-trisphosphate		
CPD-15158	C9H12N3O9P	5-hydroxy-CMP		
|Protein-pi-phospho-L-histidines|		a [protein]-Npi-phospho-L-histidine		
2-CARBOXY-D-ARABINITOL-1-PHOSPHATASE	C6H10O10P	2-carboxy-D-arabinitol 1-phosphate		
ACYL-COA		an acyl-CoA		
TTP	C10H13N2O14P3	dTTP		
CPD-7526	C40H60	9,9'-di-cis-zeta-carotene		
AMINO-HYDROXYMETHYL-METHYL-PYR-P	C6H8N3O4P	4-amino-2-methyl-5-(phosphooxymethyl)pyrimidine		
CPD-466	C4H9NO2	(S)-3-amino-2-methylpropanoate		
URATE	C5H4N4O3	urate		
DEHYDROSPHINGANINE	C18H38NO2	3-dehydrosphinganine		
CPD-190	C88H145NO12P2	N-acetyl-alpha-D-glucosaminyl-diphosphodolichol		
L-ASPARTATE-SEMIALDEHYDE	C4H7NO3	L-aspartate-semialdehyde		
DELTA3-ISOPENTENYL-PP	C5H9O7P2	isopentenyl diphosphate		
BETAINE_ALDEHYDE	C5H12NO	betaine aldehyde		
CPD-6743	C6H8O18P4	D-myo-inositol (1,2,3,6) tetrakisphosphate		
|Alpha-6-alpha-14-glucans|		a (1,6)-alpha-D-glucosyl-(1,4)-alpha-glucan		
O-SUCCINYLBENZOATE	C11H8O5	2-succinylbenzoate		
ASN	C4H8N2O3	L-asparagine		
CPD-14378	C7H20N3	dehydrospermidine		
R-4-PHOSPHOPANTOTHENOYL-L-CYSTEINE	C12H20N2O9PS	(R)-4'-phosphopantothenoyl-L-cysteine		
131-OXO-MAGNESIUM-PROTOPORPHYRIN-IX-13-M	C35H31MgN4O5	131-oxo-magnesium-protoporphyrin IX 13-monomethyl ester		
D-SEDOHEPTULOSE-7-P	C7H13O10P	D-sedoheptulose 7-phosphate		
L-CITRULLINE	C6H13N3O3	L-citrulline		
CPD-20428	C40H54O3	3,4'-dihydroxyechinenone		
CPD-12919	C30H47O3	4alpha-carboxy,4beta,14alpha-dimethyl-9beta,19-cyclo-5alpha-cholest-24-en-3beta-ol		
PHYTOSPINGOSINE	C18H40NO3	phytosphingosine		
PAPS	C10H11N5O13P2S	3'-phosphoadenylyl-sulfate		
UDP-L-RHAMNOSE	C15H22N2O16P2	UDP-beta-L-rhamnose		
|Charged-SEC-tRNAs|		an L-selenocysteinyl-[tRNAsec]		
UDP-D-XYLOSE	C14H20N2O16P2	UDP-alpha-D-xylose		
CPDIO2-8	C44H77NO7	1-16:0-2-18:4-diacylglycerol-trimethylhomoserine		
FERRICYTOCHROME-B5		a ferricytochrome b5		
CPD-12928	C28H43O3	4alpha-carboxy-5alpha-cholesta-7,24-dien-3beta-ol		
SPERMIDINE	C7H22N3	spermidine		
CPD-12860	C28H46O	4alpha-methyl-5alpha-cholesta-7,24-dien-3beta-ol		
|Linear-Malto-Oligosaccharides|		a linear malto-oligosaccharide		
CPD-8163	C49H88O15	1-16:0-2-18:2-digalactosyldiacylglycerol		
5-METHYL-THF-GLU-N		a 5-methyltetrahydrofolate		
2-PG	C3H4O7P	2-phospho-D-glycerate		
CPD-14443	C7H7NO5	(2S,4S)-4-hydroxy-2,3,4,5-tetrahydrodipicolinate		
CPD-313	C3H12N2	propane-1,3-diamine		
HOMO-SER	C4H9NO3	L-homoserine		
|Coniferonoyl-Lipid|		a [glycerolipid]-coniferonate		
CPD-653	C21H29N7O15P2	(S)-NADHX		
NITRITE	NO2	nitrite		
|BCAA-dehydrogenase-2MP-DH-lipoyl|		an [apo BCAA dehydrogenase E2 protein] N6-S-[2-methylpropanoyl]dihydrolipoyl-L-lysine		
ACETYL-ACP		an acetyl-[acp]		
DELTA-TOCOPHEROL	C27H46O2	delta-tocopherol		
CPD-474	C15H11O7	(+)-taxifolin		
CPD-12920	C29H46O	4alpha,14alpha-dimethyl-9beta,19-cyclo-5alpha-cholest-24-en-3-one		
ARG	C6H15N4O2	L-arginine		
|3-Oxo-octanoyl-ACPs|		a 3-oxo-octanoyl-[acp]		
ALPHA-TOCOPHEROL	C29H50O2	alpha-tocopherol		
3-UREIDO-PROPIONATE	C4H7N2O3	3-ureidopropanoate		
NARINGENIN-CMPD	C15H12O5	(2S)-naringenin		
|Glucosyl-acyl-sphingosines|		a beta-D-glucosyl-N-acylsphingosine		
|Lipoyl-Protein-N6-lipoyllysine|		a [lipoyl-carrier protein]-N6-lipoyl-L-lysine		
CPD-8924	C20H26NO4	(S)-laudanine		
CPD-12830	C30H46O2	demethylphylloquinol		
GDP-MANNOSE	C16H23N5O16P2	GDP-alpha-D-mannose		
CPD-15834	C28H42O2	2,3-dimethyl-6-geranylgeranyl-1,4-benzoquinol		
|Plant-Ceramide-Phosphate|		a dihydroceramide 1-phosphate		
CPD-8074	C43H76O10	1-18:3-2-16:0-monogalactosyldiacylglycerol		
GLC-6-P	C6H11O9P	beta-D-glucose 6-phosphate		
NICOTINATE_NUCLEOTIDE	C11H12NO9P	beta-nicotinate D-ribonucleotide		
DCDP	C9H12N3O10P2	dCDP		
CPD-6746	C6H11O9P	1D-myo-inositol 2-monophosphate		
ACETYL-COA	C23H34N7O17P3S	acetyl-CoA		
CPD-14053	C9H15N5O3	(6R)-L-erythro-5,6,7,8-tetrahydrobiopterin		
5-AMINO-LEVULINATE	C5H9NO3	5-aminolevulinate		
13-HYDROXY-MAGNESIUM-PROTOPORP	C35H33MgN4O5	131-hydroxy-magnesium-protoporphyrin IX 13-monomethyl ester		
FE+3	Fe	Fe3+		
CPD-14	O6S4	tetrathionate		
CPD-11519	C39H60N7O19P3S	3-oxo-2-(cis-2'-pentenyl)-cyclopentane-1-(3R-hydroxyoctanoyl)-CoA		
3-HYDROXY-PROPIONYL-COA	C24H36N7O18P3S	3-hydroxypropanoyl-CoA		
L-GAMMA-GLUTAMYLCYSTEINE	C8H13N2O5S	gamma-L-glutamyl-L-cysteine		
|BCAA-dehydrogenase-DH-lipoyl|		an [apo BCAA dehydrogenase E2 protein] N6-dihydrolipoyl-L-lysine		
SPERMINE	C10H30N4	spermine		
|R-3-hydroxydodecanoyl-ACPs|		a (3R)-3-hydroxydodecanoyl-[acp]		
PYRIDOXAL	C8H9NO3	pyridoxal		
24R-24-METHYLCYCLOARTA-825-DIEN-3-BET	C31H52O	(24R)-24-methylcycloarta-25-en-3-beta-ol		
|N-Malonyl-L-Cysteine-S-Conjugate|		an N-malonyl-L-cysteine-S-conjugate		
PSEUDOURIDINE-5-P	C9H11N2O9P	pseudouridine 5'-phosphate		
2-METHYL-3-HYDROXY-BUTYRYL-COA	C26H40N7O18P3S	(2S,3S)-3-hydroxy-2-methylbutanoyl-CoA		
PYRUVATE	C3H3O3	pyruvate		
CPD0-2472	C21H29N7O15P2	(R)-NADHX		
CPD-11939	C6H6O30P8	3,5-bisdiphosphoinositol-1D-myo-inositol 2,3,4,6-tetrakisphosphate		
CPD-8083	C51H86O15	1-18:2-2-18:3-digalactosyldiacylglycerol		
CPD-4205	C15H20N5O7P	N6-(Delta2-isopentenyl)-adenosine 5'-monophosphate		
|Alpha-Amyloses|		alpha-amylose		
|Octanoyl-ACPs|		an octanoyl-[acp]		
CPD-7061	C35H34N4O5	pheophorbide a		
PHOSPHORYL-CHOLINE	C5H13NO4P	phosphocholine		
|Beta-3-hydroxybutyryl-ACPs|		a (3R)-3-hydroxybutanoyl-[acp]		
|Ox-NADPH-Hemoprotein-Reductases|		an oxidized [NADPH-hemoprotein reductase]		
CPD-8081	C51H84O15	1-18:3-2-18:3-digalactosyldiacylglycerol		
CPD-8259	C11H13NO6	beta-D-ribosylnicotinate		
CHITOBIOSE	C16H28N2O11	N,N'-diacetylchitobiose		
|Very-Long-Chain-Trans-23-Dehydroacyl-CoA|		a very-long-chain trans-2,3-dehydroacyl-CoA		
S-ADENOSYLMETHIONINE	C15H23N6O5S	S-adenosyl-L-methionine		
CPD-13198		an exposed unphosphorylated, unbranched malto-oligosaccharide tail on amylopectin		
NADH-P-OR-NOP		NAD(P)H		
|biotin-L-lysine-in-BCCP-dimers|		a [biotin carboxyl-carrier-protein dimer]-N6-biotinyl-L-lysine		
P-RIBOSYL-4-SUCCCARB-AMINOIMIDAZOLE	C13H15N4O12P	5'-phosphoribosyl-4-(N-succinocarboxamide)-5-aminoimidazole		
|Nucleoside-Triphosphates|		a nucleoside triphosphate		
O-PHOSPHO-L-HOMOSERINE	C4H8NO6P	O-phospho-L-homoserine		
CPD-15801	C19H24NO4	(S)-norlaudanine		
CARBON-MONOXIDE	CO	carbon monoxide		
CPD-171	C86H142O9P	a dolichyl beta-D-mannosyl phosphate		
CPD-15798	C20H26NO4	(S)-tetrahydropapaverine		
|pinolenoyl-lipid|		a [glycerolipid]-pinolenate		
L-LACTATE	C3H5O3	(S)-lactate		
|4-hydroxybenzoate|	C7H5O3	|4-hydroxybenzoate|		
4-HYDROXY-BUTYRATE	C4H7O3	4-hydroxybutanoate		
URIDINE	C9H12N2O6	uridine		
P-AMINO-BENZOATE	C7H6NO2	4-aminobenzoate		
POLYVINYL-ALCOHOL		polyvinyl alcohol(n)		
DIHYDROLIPOYL-GCVH		a [glycine-cleavage complex H protein] N6-dihydrolipoyl-L-lysine		
|Dodec-2-enoyl-ACPs|		a (2E)-dodec-2-enoyl-[acp]		
|cis-5-enoyl-CoA|		a (5Z)-alkan-5-enoyl-CoA		
METHACRYLYL-COA	C25H36N7O17P3S	methylacrylyl-CoA		
UMP	C9H11N2O9P	UMP		
|Reduced-ferredoxins|		a reduced ferredoxin [iron-sulfur] cluster		
|GLN-tRNAs|		a tRNAGln		
|ETF-Reduced|		a reduced electron-transfer flavoprotein		
CPD-318	C6H7O6	monodehydroascorbate radical		
CPD-7078	C16H23N5O16P2	GDP-beta-L-gulose		
THF-GLU-N		a tetrahydrofolate		
CPD-7004	C55H67MgN4O5	dihydrogeranylgeranyl chlorophyll a		
CPD-730	C18H29O3	3-oxo-2-(cis-2'-pentenyl)-cyclopentane-1-octanoate		
DCMP	C9H12N3O7P	dCMP		
CPD-15838	C28H42O2	gamma-tocotrienol		
|1-2-Diglycerides|		a 1,2-diglyceride		
CPD-5661	C40H56O	zeinoxanthin		
CPD-18077		Glc3Man9GlcNAc2-[protein]		
ETHYLENE-CMPD	C2H4	ethene		
CPD-20426	C40H54O4	4'-hydroxyadonixanthin		
CPD-7063	C35H36N4O7	red chlorophyll catabolite		
CPD-195	C8H15O2	octanoate		
CARBOXYPHENYLAMINO-DEOXYRIBULOSE-P	C12H13NO9P	1-(o-carboxyphenylamino)-1'-deoxyribulose 5'-phosphate		
|R-3-hydroxystearoyl-ACPs|		a (3R)-3-hydroxystearoyl-[acp]		
CPD-12927	C28H44O2	4alpha-formyl-5alpha-cholesta-7,24-dien-3beta-ol		
D-RIBULOSE-15-P2	C5H8O11P2	D-ribulose-1,5-bisphosphate		
TDP	C10H13N2O11P2	dTDP		
CPD-15033	C40H56O4	nostoxanthin		
CPD-20422	C40H56O3	4-hydroxyzeaxanthin		
CATECHOL	C6H6O2	catechol		
CPD-6661	C6H7O21P5	1D-myo-inositol (1,2,3,4,6)-pentakisphosphate		
D-MYO-INOSITOL-1-MONOPHOSPHATE	C6H11O9P	1D-myo-inositol 1-monophosphate		
CPD-7860	C40H54O2	3-hydroxyechinenone		
ADENINE	C5H5N5	adenine		
CPD1F-126	C40H56	gamma-carotene		
3-HYDROXY-3-METHYL-GLUTARYL-COA	C27H39N7O20P3S	(S)-3-hydroxy-3-methylglutaryl-CoA		
UDP-OHMYR-GLUCOSAMINE	C29H50N3O18P2	UDP-3-O-(3-hydroxymyristoyl)-alpha-D-glucosamine		
CPD-14406	C41H62N7O17P3S	(2E,8Z,11Z,14Z)-icosatetraenoyl-CoA		
CPD-10363		a 1,2-diacyl-3-O-[beta-D-galactosyl-(1->6)-beta-D-galactosyl]-sn-glycerol		
1-L-MYO-INOSITOL-1-P	C6H11O9P	1D-myo-inositol 3-monophosphate		
CPD-6972	C32H39N7O20P3S	4-(2'-carboxyphenyl)-4-oxobutyryl-CoA		
DETHIOBIOTIN	C10H17N2O3	dethiobiotin		
TRANS-3-METHYL-GLUTACONYL-COA	C27H37N7O19P3S	3-methylglutaconyl-CoA		
CPD1F-130	C40H56O2	zeaxanthin		
N-ACETYL-SEROTONIN	C12H14N2O2	N-acetyl-serotonin		
CPD-7043		amylopectin		
|Malto-Oligosaccharides|		a malto-oligosaccharide		
2-KETOGLUTARATE	C5H4O5	2-oxoglutarate		
UREA	CH4N2O	urea		
GLUTATHIONE	C10H16N3O6S	glutathione		
XANTHINE	C5H4N4O2	xanthine		
FAD	C27H30N9O15P2	FAD		
|Cytochromes-C-Reduced|		a reduced c-type cytochrome		
DMPBQ	C28H48O2	2,3-dimethyl-6-phytyl-1,4-benzoquinol		
|L-Cysteine-Desulfurase-persulfide|		an [L-cysteine desulfurase]-S-sulfanyl-L-cysteine		
CPD-406	C3H9NO4P	N-methylethanolamine phosphate		
UTP	C9H11N2O15P3	UTP		
L-HISTIDINOL-P	C6H11N3O4P	L-histidinol-phosphate		
CPD-8291	C41H78NO8P	1-18:1-2-18:1-phosphatidylethanolamine		
|Sphingoids|		a sphingoid base		
BETAINE	C5H11NO2	glycine betaine		
|Phosphoacetylglucosamine-Mutase-P|		a phosphorylated phosphoacetylglucosamine mutase		
|Pyruvate-dehydrogenase-dihydrolipoate|		a [pyruvate dehydrogenase E2 protein] N6-dihydrolipoyl-L-lysine		
ACETYLSERINE	C5H9NO4	O-acetyl-L-serine		
|eEF-2-Histidines|		an L-histidine-[translation elongation factor 2]		
|Cysteine-Desulfurase-L-cysteine|		an [L-cysteine desulfurase]-L-cysteine		
MALTOTRIOSE	C18H32O16	maltotriose		
CPD-8160	C49H90O15	1-18:1-2-16:0-digalactosyldiacylglycerol		
CPD-1083	C26H38N7O17P3S	(E)-2-methylcrotonoyl-CoA		
|Long-Chain-Acyl-CoAs|		a long-chain acyl-CoA		
CHOLESTEROL	C27H46O	cholesterol		
CPD-12175	C4H7O3	(S)-3-hydroxy-isobutanoate		
P-HYDROXY-PHENYLPYRUVATE	C9H7O4	4-hydroxyphenylpyruvate		
CPD-14899	C29H46O	7-dehydroporiferasterol		
WATER	H2O	H2O		
PYRIDOXAMINE-5P	C8H12N2O5P	pyridoxamine 5'-phosphate		
PYRIDOXAL_PHOSPHATE	C8H8NO6P	pyridoxal 5'-phosphate		
INOSITOL-1-4-5-TRISPHOSPHATE	C6H9O15P3	D-myo-inositol (1,4,5)-trisphosphate		
|2-Octenoyl-ACPs|		a trans oct-2-enoyl-[acp]		
CPD-18334	C11H5O4	2-carboxy-1,4-naphthoquinone		
PPI	HO7P2	diphosphate		
|BCCP-L-lysine|		a [biotin carboxyl-carrier protein]-L-lysine		
METHYLENE-THF-GLU-N		a 5,10-methylene-tetrahydrofolate		
CYTIDINE	C9H13N3O5	cytidine		
|Octanoylated-domains|		a [lipoyl-carrier protein] N6-octanoyl-L-lysine		
CPD-6745	C6H9O15P3	D-myo-inositol (1,2,3) trisphosphate		
CPDQT-4	C6H11O9P	beta-L-galactose 1-phosphate		
5-P-BETA-D-RIBOSYL-AMINE	C5H11NO7P	5-phospho-beta-D-ribosylamine		
CPD1F-118	C40H56	alpha-carotene		
OXALATE	C2O4	oxalate		
DATP	C10H12N5O12P3	dATP		
FORMATE	CHO2	formate		
2-METHYL-ACETO-ACETYL-COA	C26H38N7O18P3S	2-methylacetoacetyl-CoA		
CPD-12366	C10H12N5O15P3	8-oxo-GTP		
MG-PROTOPORPHYRIN	C34H30MgN4O4	Mg-protoporphyrin		
CPD66-39		a 2,3,4-saturated fatty acid		
CPD-1108		a 1-phosphatidyl-1D-myo-inositol 4-phosphate		
CPD-14405	C41H64N7O18P3S	3R-hydroxy-dihomo gamma-linolenoyl-CoA		
PHOSPHORIBOSYL-FORMAMIDO-CARBOXAMIDE	C10H13N4O9P	5-formamido-1-(5-phospho-D-ribosyl)-imidazole-4-carboxamide		
ALPHA-GLUCOSE-16-BISPHOSPHATE	C6H10O12P2	alpha-glucose 1,6-bisphosphate		
FUM	C4H2O4	fumarate		
CPD-8073	C43H78O10	1-18:2-2-16:0-monogalactosyldiacylglycerol		
L-1-PHOSPHATIDYL-GLYCEROL-P		1-(3-sn-phosphatidyl)-sn-glycerol 3-phosphate		
PUTRESCINE	C4H14N2	putrescine		
SUCROSE-6P	C12H21O14P	sucrose 6F-phosphate		
|Octadec-2-enoyl-ACPs|		a trans-octadec-2-enoyl-[acp]		
CHLOROPHYLLIDE-A	C35H32MgN4O5	chlorophyllide a		
CPD-8082	C51H88O15	1-18:2-2-18:2-digalactosyldiacylglycerol		
CPD-8986	C18H25NO5	senecionine		
|Oxidized-ferredoxins|		an oxidized ferredoxin [iron-sulfur] cluster		
CPD-7064	C35H38N4O7	primary fluorescent chlorophyll catabolite		
|D-Ribofuranose|	C5H10O5	D-ribofuranose		
CPD-12374	C9H4NO4	indole-5,6-quinone-2-carboxylate		
PHYTOL	C20H40O	phytol		
MALTOSE	C12H22O11	maltose		
P-COUMAROYL-COA	C30H38N7O18P3S	4-coumaroyl-CoA		
DIMETHYL-D-RIBITYL-LUMAZINE	C13H17N4O6	6,7-dimethyl-8-(1-D-ribityl)lumazine		
DIHYDROXY-BUTANONE-P	C4H7O6P	1-deoxy-L-glycero-tetrulose 4-phosphate		
CPD-13085	C7H5O5	3,5-didehydroshikimate		
MALONATE	C3H2O4	malonate		
RIBULOSE-5P	C5H9O8P	D-ribulose 5-phosphate		
|Dodecanoyl-ACPs|		a dodecanoyl-[acp]		
CPD-7006	C55H69MgN4O5	tetrahydrogeranylgeranyl chlorophyll a		
CPD-8161	C49H88O15	1-18:2-2-16:0-digalactosyldiacylglycerol		
|Oxidized-2Fe-2S-Ferredoxins|		an oxidized [2Fe-2S] ferredoxin		
|3-oxo-dodecanoyl-ACPs|		a 3-oxo-dodecanoyl-[acp]		
CPD-19775	C49H56FeN4O6	ferroheme i		
LL-DIAMINOPIMELATE	C7H14N2O4	L,L-diaminopimelate		
CPD-4203	C15H20N5O10P2	N6-(Delta2-isopentenyl)-adenosine 5'-diphosphate		
ADP-D-GLUCOSE	C16H23N5O15P2	ADP-alpha-D-glucose		
SELENOMETHIONINE	C5H11NO2Se	seleno-L-methionine		
|Alpha-linolenoyl-groups|		a [glycerolipid]-alpha-linolenate		
CPD-12321	C40H64	15-cis-phytoene		
L-BETA-ASPARTYL-P	C4H6NO7P	L-aspartyl-4-phosphate		
|Alpha-hydroxydihydroceramides|		a (2'R)-2'-hydroxydihydroceramide		
DIACYLGLYCEROL		a 1,2-diacyl-sn-glycerol		
5734-TETRAHYDROXYFLAVONE	C15H9O6	luteolin		
|Palmitoyl-ACPs|		a palmitoyl-[acp]		
5-L-GLUTAMYL-L-AMINO-ACID		an alpha-(gamma-L-glutamyl)-L-amino acid		
|Diacylglycerolhomoserines|		a diacylglycerolhomoserine		
DPG	C3H4O10P2	3-phospho-D-glyceroyl-phosphate		
ANTHRANILATE	C7H6NO2	anthranilate		
GLYCOLALDEHYDE	C2H4O2	glycolaldehyde		
CPDIO2-7	C44H79NO7	1-16:0-2-18:3-diacylglycerol-trimethylhomoserine		
CPD-5161	C108H178N2O27P2	alpha-D-Man-(1->3)-beta-D-Man-(1->4)-beta-D-GlcNAc-(1->4)-alpha-D-GlcNAc-diphosphodolichol		
GDP-L-GALACTOSE	C16H23N5O16P2	GDP-beta-L-galactose		
HYDROXYMETHYLBILANE	C40H38N4O17	preuroporphyrinogen		
|BCAA-dehydrogenase-3MB-DH-lipoyl|		a [apo BCAA dehydrogenase E2 protein] N6-S-[3-methylbutanoyl]dihydrolipoyl-L-lysine		
CPD-12373	C8H5NO2	indole-5,6-quinone		
PROPIONYL-COA	C24H36N7O17P3S	propanoyl-CoA		
|Ubiquinones|		a ubiquinone		
MONO-BETA-D-GALACTOSYLACYLGLYCEROL		a mono-beta-D-galactosylacylglycerol		
THIAMINE-PYROPHOSPHATE	C12H16N4O7P2S	thiamine diphosphate		
CPD-7409	C40H56O	beta-cryptoxanthin		
|Oxo-glutarate-dehydrogenase-DH-lipoyl|		a [2-oxoglutarate dehydrogenase E2 protein] N6-dihydrolipoyl-L-lysine		
XYLULOSE-5-PHOSPHATE	C5H9O8P	D-xylulose 5-phosphate		
DEOXYGUANOSINE	C10H13N5O4	2'-deoxyguanosine		
NICOTINAMIDE_RIBOSE	C11H15N2O5	1-(beta-D ribofuranosyl)nicotinamide		
CPD-7671	CH4S	methanethiol		
RIBOSE-5P	C5H9O8P	D-ribose 5-phosphate		
SOLANESYL-PYROPHOSPHATE	C45H73O7P2	all-trans-nonaprenyl diphosphate		
CPD-11526	C35H50N7O18P3S	3-oxo-2-(cis-2'-pentenyl)-cyclopentane-1-(E-buta-2-enoyl)-CoA		
CPD0-1028	C20H33O7P2	2-cis,6-trans,10-trans-geranylgeranyl diphosphate		
CPD-7849	C40H52O3	adonirubin		
CPD-237	C10H10N2O	(indol-3-yl)acetamide		
CPD-12829	C53H82O2	plastoquinol-9		
ADENOSINE	C10H13N5O4	adenosine		
6-O-METHYLNORLAUDANOSOLINE	C17H20NO4	6-O-methylnorlaudanosoline		
DCTP	C9H12N3O13P3	dCTP		
CPD-166	C86H142O9P	a dolichyl beta-D-glucosyl phosphate		
|S-Substituted-Glutamyl-Cysteine|		a [Glu-Cys]-S-conjugate		
GLY	C2H5NO2	glycine		
CPD-7005	C55H65MgN4O5	geranylgeranyl chlorophyll a		
CPD-397	C6H14NO2S	S-methyl-L-methionine		
CPD-659	C10H12NO5	L-arogenate		
1-PHOSPHATIDYL-1D-MYO-INOSITOL-5-PHOSPHA		a 1-phosphatidyl-1D-myo-inositol 5-phosphate		
EPOXYSQUALENE	C30H50O	(3S)-2,3-epoxy-2,3-dihydrosqualene		
5-ALPHA-CHOLESTA-724-DIEN-3-BETA-OL	C27H44O	5alpha-cholesta-7,24-dien-3beta-ol		
THF	C19H21N7O6	tetrahydropteroyl mono-L-glutamate		
CPD-8123	C10H10MoN5O8PS2	MoO2-molybdopterin cofactor		
|Gamma-linolenoyl-groups|		a [glycerolipid]-gamma-linolenate		
TRANS-POLYISOPRENYL-PP		an all-trans-polyisoprenyl diphosphate		
CPD-8155	C55H74N4O5	pheophytin a		
|R-3-hydroxyhexanoyl-ACPs|		a (3R)-3-hydroxyhexanoyl-[acp]		
ADENYLOSUCC	C14H14N5O11P	adenylo-succinate		
XANTHOSINE-5-PHOSPHATE	C10H11N4O9P	XMP		
SEROTONIN	C10H13N2O	serotonin		
ASCORBATE	C6H7O6	L-ascorbate		
DGTP	C10H12N5O13P3	dGTP		
CTP	C9H12N3O14P3	CTP		
CPD-734	C12H17O3	(-)-jasmonate		
CPD-20429	C40H54O4	3,4',4'-trihydroxyechinenone		
DUDP	C9H11N2O11P2	dUDP		
CPD-7408	C40H62	all-trans phytofluene		
CPD-11525	C35H52N7O18P3S	3-oxo-2-(cis-2'-pentenyl)-cyclopentane-1-butanoyl-CoA		
CPD-8167	C45H76O10	1-18:3-2-18:2-monogalactosyldiacylglycerol		
CPD-6262		a [Cys-Gly]-S-conjugate		
|Elemental-Sulfur|	S	S0		
CPDIO2-3	C41H76NO8P	1-18:0-2-18:3-phosphatidylethanolamine		
CPD-8289	C41H80NO8P	1-18:0-2-18:1-phosphatidylethanolamine		
OH	HO	OH-		
CPD-12367	C10H12N5O9P	8-oxo-GMP		
|Reduced-NrdH-Proteins|		a reduced NrdH glutaredoxin-like protein		
CPD-10364		a trigalactosyldiacylglycerol		
NADH	C21H27N7O14P2	NADH		
UDP-SULFOQUINOVOSE	C15H21N2O19P2S	UDP-alpha-D-sulfoquinovopyranose		
THR	C4H9NO3	L-threonine		
CPD-505	C6H8O18P4	D-myo-inositol (1,3,4,6)-tetrakisphosphate		
|N-4-aminobutylidene-eIF5A-lysine|		an [eIF5A-precursor]-N-(4-aminobutylidene)-lysine		
PALMITYL-COA	C37H62N7O17P3S	palmitoyl-CoA		
CPD-9646	C55H89O4P	di-trans,octa-cis-undecaprenyl phosphate		
56-DIHYDROXYINDOLE-2-CARBOXYLATE	C9H6NO4	5,6-dihydroxyindole-2-carboxylate		
NITRATE	NO3	nitrate		
UDP-N-ACETYL-D-GLUCOSAMINE	C17H25N3O17P2	UDP-N-acetyl-alpha-D-glucosamine		
CPD-9924	C14H13O9	2-succinyl-5-enolpyruvoyl-6-hydroxy-3-cyclohexene-1-carboxylate		
MAL	C4H4O5	(S)-malate		
CPD-8164	C49H86O15	1-16:0-2-18:3-digalactosyldiacylglycerol		
CH33ADO	C10H13N5O3	5'-deoxyadenosine		
CYCLOARTENOL	C30H50O	cycloartenol		
CPD-7524	C40H58	7,9,9'-cis-neurosporene		
OLEATE-CPD	C18H33O2	oleate		
2-ACETO-LACTATE	C5H7O4	(S)-2-acetolactate		
CPD-13913	C6H7O7	2-carboxy-L-xylonolactone		
|O-phospho-L-seryl-tRNASecs|		an O-phospho-L-seryl-[tRNASec]		
P3I	O10P3	PPPi		
D-6-P-GLUCONO-DELTA-LACTONE	C6H9O9P	6-phospho D-glucono-1,5-lactone		
1-PHOSPHATIDYL-1D-MYO-INOSITOL-34-BISPH		a 1-phosphatidyl-1D-myo-inositol 3,4-bisphosphate		
CPD-534	C6H7O21P5	D-myo-inositol (1,2,4,5,6)-pentakisphosphate		
CPD-2189	C43H74O10	1-18:2-2-16:2-monogalactosyldiacylglycerol		
CPD-16758		2/3-phospho-D-glycerate		
CPD-334	C6H7O7	2,3-dioxo-L-gulonate		
THZ-P	C6H8NO4PS	4-methyl-5-(2-phosphooxyethyl)thiazole		
ARSENATE	H1O4As1	arsenate		
OCTAPRENYL-DIPHOSPHATE	C40H65O7P2	all-trans-octaprenyl diphosphate		
CPD-15836	C29H44O2	alpha-tocotrienol		
CPD-6082	C3H8NO	3-aminopropanal		
CPD1F-115	C40H56	delta-carotene		
|Thiocarboxylated-MPT-synthases|		a thiocarboxylated [small subunit of molybdopterin synthase]		
GUANINE	C5H5N5O	guanine		
CPD-6994	C15H11O6	(2S)-eriodictyol		
S-RETICULINE	C19H24NO4	(S)-reticuline		
CPD-8075	C43H76O10	1-18:2-2-16:1-monogalactosyldiacylglycerol		
CPD-11540	C15H20N2O16P2	UDP-4-dehydro-beta-L-rhamnose		
CPD-14649	C19H26O3	carlactone		
CPD-10279	C43H74N7O17P3S	docosanoyl-CoA		
CPD-431	C15H9O5	apigenin		
CPD-8343	C24H50NO7P	1-16:0-2-lysophosphatidylcholine		
CPD1F-133	C40H56O4	violaxanthin		
|6-Phosphoglc-3-Phosphoglc-Amylopectins|		a 6-phosphogluco-3-phosphogluco-amylopectin		
|Plastocyanin-Reduced|		a reduced plastocyanin		
PHE	C9H11NO2	L-phenylalanine		
|Reduced-2Fe-2S-Ferredoxins|		a reduced [2Fe-2S] ferredoxin		
CPD-8355	C23H46NO7P	1-18:1-2-lysophosphatidylethanolamine		
TREHALOSE	C12H22O11	alpha,alpha-trehalose		
OLEOYL-COA	C39H64N7O17P3S	oleoyl-CoA		
BISOHMYR-GLUCOSAMINYL-1P	C34H64NO12P	lipid X		
|Reduced-flavodoxins|	C17H21N4O9P	a reduced flavodoxin		
|3-carboxy-3-dimethylammonio-propyl-L-his|		a 2-[(3S)-3-carboxy-3-(dimethylammonio)propyl]-L-histidine-[translation elongation factor 2]		
CPD-8162	C49H86O15	1-18:3-2-16:0-digalactosyldiacylglycerol		
|Sterols|		a sterol		
CIS-DELTA3-ENOYL-COA		a (3Z)-alkan-3-enoyl-CoA		
ISOBUTYRYL-COA	C25H38N7O17P3S	isobutanoyl-CoA		
2-C-METHYL-D-ERYTHRITOL-4-PHOSPHATE	C5H11O7P	2-C-methyl-D-erythritol 4-phosphate		
GLYCEROL-3P	C3H7O6P	sn-glycerol 3-phosphate		
L-SELENOCYSTEINE	C3H7NO2Se	L-selenocysteine		
|Protein-Histidines|		a [protein]-L-histidine		
CPDIO2-4	C41H74NO8P	1-18:0-2-18:4-phosphatidylethanolamine		
D-LACTATE	C3H5O3	(R)-lactate		
PHOSPHATIDYLINOSITOL-345-TRIPHOSPHATE		1-phosphatidyl-1D-myo-inositol 3,4,5-trisphosphate		
CPD-14894	C28H46O	ergosta-5,7-dienol		
|Crotonyl-ACPs|		a crotonyl-[acp]		
3-P-HYDROXYPYRUVATE	C3H2O7P	3-phosphooxypyruvate		
MET	C5H11NO2S	L-methionine		
CPD1F-131	C40H56O3	antheraxanthin		
IMINOASPARTATE	C4H3NO4	2-iminosuccinate		
|3-oxo-decanoyl-ACPs|		a 3-oxo-decanoyl-[acp]		
|L-Amino-Acids|		an L-amino acid		
CPD-8084	C51H86O15	1-18:3-2-18:2-digalactosyldiacylglycerol		
CPD-725	C18H29O4	13(S)-HPOTE		
|3-oxo-stearoyl-ACPs|		a 3-oxo-stearoyl-[acp]		
CPD-19179	C10H12N5O14P3	(8S)-3',8-cyclo-7,8-dihydroguanosine 5'-triphosphate		
PYRIDOXINE-5P	C8H10NO6P	pyridoxine 5'-phosphate		
CPD-14271	C41H68N7O18P3S	3-oxoicosanoyl-CoA		
PHOSPHORIBULOSYL-FORMIMINO-AICAR-P	C15H21N5O15P2	phosphoribulosylformimino-AICAR-phosphate		
INOSITOL-1456-TETRAKISPHOSPHATE	C6H8O18P4	D-myo-inositol (1,4,5,6)-tetrakisphosphate		
PRPP	C5H8O14P3	5-phospho-alpha-D-ribose 1-diphosphate		
CPD-18666	C35H34N4O6	epoxypheophorbide a		
|GLT-tRNAs|		a tRNAglu		
3-METHYL-CROTONYL-COA	C26H38N7O17P3S	3-methylcrotonyl-CoA		
HISTIDINAL	C6H10N3O	histidinal		
DADP	C10H12N5O9P2	dADP		
AMP	C10H12N5O7P	AMP		
CPD-1107	C6H7O21P5	D-myo-inositol 1,3,4,5,6-pentakisphosphate		
CPD-18	C39H62N7O17P3S	linoleoyl-CoA		
CPD0-2298	C3H7N3O3	(S)-ureidoglycine		
HS	H2S	hydrogen sulfide		
5-OXOPROLINE	C5H6NO3	5-oxo-L-proline		
MG-PROTOPORPHYRIN-MONOMETHYL-ESTER	C35H33MgN4O4	magnesium-protoporphyrin IX 13-monomethyl ester		
LIPID-IV-A	C68H126N2O23P2	lipid IVA		
PYRIDOXINE	C8H11NO3	pyridoxine		
AMINO-RIBOSYLAMINO-1H-3H-PYR-DIONE	C9H16N4O6	5-amino-6-(D-ribitylamino)uracil		
CHOLINE	C5H14NO	choline		
CPD-728	C18H27O3	(9Z,13S,15Z)-12,13-epoxyoctadeca-9,11,15-trienoate		
GLUTAMATE-1-SEMIALDEHYDE	C5H9NO3	(S)-4-amino-5-oxopentanoate		
2-AMINOACRYLATE	C3H5NO2	2-aminoprop-2-enoate		
|Branched-Unphos-Amylopectin-Tails|		an exposed unphosphorylated, (alpha-1,6)-branched malto-oligosaccharide tail on amylopectin		
CPD-8646	C27H42O	7-dehydrodesmosterol		
|Deoxyhypusine-Synthase-Lysine|		a [deoxyhypusine synthase]-L-lysine		
CPD-17652	C40H54O2	4'-hydroxyechinenone		
GLYOX	C2HO3	glyoxylate		
CYS-GLY	C5H10N2O3S	L-cysteinyl-glycine		
CPD-729	C18H27O3	12-oxo-cis-10,15-phytodienoate		
|Phosphoacetylglucosamine-Mutase|		a phosphoacetylglucosamine mutase		
|Poly-Gamma-Glutamylcysteine-Glycines|		a poly-[gamma-glutamylcysteine]-glycine		
TMP	C10H13N2O8P	dTMP		
D-SEDOHEPTULOSE-1-7-P2	C7H12O13P2	D-sedoheptulose-1,7-bisphosphate		
SHIKIMATE	C7H9O5	shikimate		
|Cytochromes-C-Oxidized|		an oxidized c-type cytochrome		
CPD-9038	C41H38N4O16	precorrin-1		
|Saturated-Fatty-Acyl-CoA|		a 2,3,4-saturated fatty acyl CoA		
CPD-14281	C43H72N7O17P3S	trans-docos-2-enoyl-CoA		
|Thiols|		a thiol		
CPD-12185	C10H16N4O3	homocarnosine		
ACYL-ACP		an acyl-[acyl-carrier protein]		
CPD-14931		a 10-formyltetrahydrofolate-4a-carbinolamine		
S-ADENOSYL-4-METHYLTHIO-2-OXOBUTANOATE	C15H19N5O6S	S-adenosyl-4-methylthio-2-oxobutanoate		
CPD1G-277	C47H82N7O17P3S	cerotoyl-CoA		
L-1-PHOSPHATIDYL-ETHANOLAMINE		an L-1-phosphatidylethanolamine		
DIPHTHAMIDE		a diphthamide-[translation elongation factor 2]		
METHYL-GLYOXAL	C3H4O2	methylglyoxal		
CPD-14278	C47H82N7O18P3S	(3R)-3-hydroxy-cerotoyl-CoA		
CPD-5169	C156H258N2O67P2	alpha-D-Glc-(1->3)-alpha-D-Man-(1->2)-alpha-D-Man-(1->2)-alpha-D-Man-(1->3)-[alpha-D-Man-(1->2)-alpha-D-Man-(1->3)-[alpha-D-Man-(1->2)-alpha-D-Man-(1->6)]-alpha-D-Man-(1->6)]-beta-D-Man-(1->4)-beta-D-GlcNAc-(1->4)-alpha-D-GlcNAc-diphosphodolichol		
TYR	C9H11NO3	L-tyrosine		
EIF5A-HYPUSINE		an [eIF5A]-hypusine		
|Charged-GLT-tRNAs|		an L-glutamyl-[tRNAGlu]		
|Protein-L-Asparagine|		a [protein]-L-asparagine		
STEAROYL-COA	C39H66N7O17P3S	stearoyl-CoA		
CPD-1302	C30H35N9O12	5-methyltetrahydropteroyl tri-L-glutamate		
OXIDIZED-GLUTATHIONE	C20H30N6O12S2	glutathione disulfide		
DIVINYL-PROTOCHLOROPHYLLIDE-A	C35H28MgN4O5	3,8-divinyl protochlorophyllide a		
2-ALPHA-HYDROXYETHYL-THPP	C14H20N4O8P2S	2-(alpha-hydroxyethyl)thiamine diphosphate		
|MPT-Synthase-small-subunits|		a small subunit of molybdopterin synthase		
CPD-14652	C19H22O5	(+)-5-deoxystrigol		
INDOLE-3-GLYCEROL-P	C11H12NO6P	(1S,2R)-1-C-(indol-3-yl)glycerol 3-phosphate		
CPD-11517	C39H60N7O18P3S	3-oxo-2-(cis-2'-pentenyl)-cyclopentane-1-octanoyl-CoA		
CPD-13734	C49H54FeN4O6	ferroheme a		
MI-HEXAKISPHOSPHATE	C6H6O24P6	phytate		
SIROHEME	C42H36FeN4O16	siroheme		
CPD-8165	C45H78O10	1-18:2-2-18:2-monogalactosyldiacylglycerol		
CPD-6742	C6H8O18P4	D-myo-inositol (1,2,5,6) tetrakisphosphate		
SULFOQUINOVOSYLDIACYLGLYCEROL		an 6-sulfo-alpha-D-quinovosyl diacylglycerol		
PHOSPHORIBOSYL-AMP	C15H19N5O14P2	1-(5-phospho-beta-D-ribosyl)-AMP		
PROTOPORPHYRINOGEN	C34H38N4O4	protoporphyrinogen IX		
INDOLE	C8H7N	indole		
|Ox-Glutaredoxins|		an oxidized glutaredoxin		
BR-	BR1	bromide		
A-LIPID-HYDROPEROXIDE		a hydroperoxy-fatty-acyl-[lipid]		
CMP	C9H12N3O8P	CMP		
DEOXYXYLULOSE-5P	C5H9O7P	1-deoxy-D-xylulose 5-phosphate		
THYMIDINE	C10H14N2O5	thymidine		
CPD-2190	C43H70O10	1-18:3-2-16:3-monogalactosyldiacylglycerol		
|Acceptor|		an oxidized electron acceptor		
|Demethylated-methyl-acceptors|		a demethylated methyl donor		
|Carboxyadenylated-MPT-synthases|		a carboxy-adenylated [small subunit of molybdopterin synthase]		
CPD-4204	C15H20N5O11P2	trans-zeatin riboside diphosphate		
CARDIOLIPIN		a cardiolipin		
CPD-4210	C10H13N5O	trans-zeatin		
XANTHOSINE	C10H12N4O6	xanthosine		
|Red-Thioredoxin|		a reduced thioredoxin		
GDP	C10H12N5O11P2	GDP		
TRANS-D2-ENOYL-COA		a (2E)-alkan-2-enoyl-CoA		
CPD-2188	C43H78O10	1-18:1-2-16:1-monogalactosyldiacylglycerol		
|Charged-GLN-tRNAs|		an L-glutaminyl-[tRNAGln]		
CPD-7852	C40H54O3	adonixanthin		
MPBQ	C27H46O2	2-methyl-6-phytyl-1,4-benzoquinol		
CPD-663	C15H20N2O16P2	UDP-4-dehydro-6-deoxy-alpha-D-glucose		
CPD-224	C80H131O7P2	a dolichyl diphosphate		
PHOSPHORYL-ETHANOLAMINE	C2H7NO4P	O-phosphoethanolamine		
FORMALDEHYDE	CH2O	formaldehyde		
OROTATE	C5H3N2O4	orotate		
CPD-11524	C37H54N7O19P3S	3-oxo-2-(cis-2'-pentenyl)-cyclopentane-1-(3-oxohexanoyl)-CoA		
CPD-731	C12H17O3	(+)-7-epi-jasmonate		
CPD-14647	C27H36O	9-cis-10'-apo-beta-carotenal		
L-1-GLYCEROPHOSPHORYLETHANOL-AMINE	C5H14NO6P	sn-glycero-3-phosphoethanolamine		
|Ceramides|		a ceramide		
DEHYDROQUINATE	C7H9O6	3-dehydroquinate		
CIS-ACONITATE	C6H3O6	cis-aconitate		
HYDROXY-METHYL-BUTENYL-DIP	C5H9O8P2	(E)-4-hydroxy-3-methylbut-2-en-1-yl diphosphate		
|Oleoyl-ACPs|		an oleoyl-[acp]		
5-HYDROXYISOURATE	C5H4N4O4	(S)-5-hydroxyisourate		
PLASTOQUINONE	C53H80O2	a plastoquinone		
|L-1-phosphatidyl-inositols|		a 1-phosphatidyl-1D-myo-inositol		
AMINO-OH-HYDROXYMETHYL-DIHYDROPTERIDINE	C7H9N5O2	6-(hydroxymethyl)-7,8-dihydropterin		
|Stearoyl-ACPs|		a stearoyl-[acp]		
CPD-7850	C40H54O	echinenone		
CPD-678	H2Se	hydrogen selenide		
CPD-12173	C25H38N7O18P3S	(S)-3-hydroxy-isobutanoyl-CoA		
CPD-8168	C45H74O10	1-18:3-2-18:3-monogalactosyldiacylglycerol		
4-P-PANTOTHENATE	C9H15NO8P	(R)-4'-phosphopantothenate		
GLYCOLLATE	C2H3O3	glycolate		
OBTUSIFOLIOL	C30H50O	obtusifoliol		
SQUALENE	C30H50	squalene		
|Menaquinones|		a menaquinone		
DIHYDROFOLATE-GLU-N		a 7,8-dihydrofolate		
2-CARBOXY-D-ARABINITOL	C6H11O7	2-carboxy-D-arabinitol		
NITRIC-OXIDE	NO	nitric oxide		
DGMP	C10H12N5O7P	dGMP		
OROTIDINE-5-PHOSPHATE	C10H10N2O11P	orotidine 5'-phosphate		
CPD-15317	C5H9O8P	D-ribofuranose 5-phosphate		
CPD-9875	C12H14O4	coniferyl acetate		
DIHYDRONEOPTERIN-P3	C9H12N5O13P3	7,8-dihydroneopterin 3'-triphosphate		
PANTOTHENATE	C9H16NO5	(R)-pantothenate		
CPD-12852	C29H48O	4alpha,14alpha-dimethyl-5alpha-cholesta-8,24-dien-3beta-ol		
CPD-12831	C31H48O2	phylloquinol		
|3-oxo-myristoyl-ACPs|		a 3-oxo-myristoyl-[acp]		
|Oxidized-NrdH-Proteins|		an oxidized NrdH glutaredoxin-like protein		
CPD-14280	C41H68N7O17P3S	trans-arachido-2-enoyl-CoA		
|BCAA-dehydrogenase-lipoyl|		an [apo BCAA dehydrogenase E2 protein] N6-lipoyl-L-lysine		
UNDECAPRENYL-DIPHOSPHATE	C55H89O7P2	di-trans,octa-cis-undecaprenyl diphosphate		
CPD-14277	C45H78N7O18P3S	(3R)-3-hydroxy-lignoceroyl-CoA		
CPD-6481	C10H12O2	eugenol		
5-10-METHENYL-THF-GLU-N		a 5,10-methenyltetrahydrofolate		
CPD-20427	C40H54O5	4',4'-dihydroxyadonixanthin		
CPD-5170	C162H268N2O72P2	alpha-D-Glc-(1->3)-alpha-D-Glc-(1->3)-alpha-D-Man-(1->2)-alpha-D-Man-(1->2)-alpha-D-Man-(1->3)-[alpha-D-Man-(1->2)-alpha-D-Man-(1->3)-[alpha-D-Man-(1->2)-alpha-D-Man-(1->6)]-alpha-D-Man-(1->6)]-beta-D-Man-(1->4)-beta-D-GlcNAc-(1->4)-alpha-D-GlcNAc-diphosphodolichol		
CPD-11528	C35H50N7O19P3S	3-oxo-2-(cis-2'-pentenyl)-cyclopentane-1-(3-oxobutanoyl)-CoA		
CPD-8290	C41H78NO8P	1-18:0-2-18:2-phosphatidylethanolamine		
|L-seryl-SEC-tRNAs|		an L-seryl-[tRNAsec]		
NIACINE	C6H4NO2	nicotinate		
DIHYDROKAEMPFEROL-CMPD	C15H12O6	(+)-dihydrokaempferol		
CPD-9451	C7H8O4	2-isopropylmaleate		
|Oleoyl-lipid|		a [glycerolipid]-oleate		
CPD-1099	C18H32O16	raffinose		
UDP	C9H11N2O12P2	UDP		
UROPORPHYRINOGEN-III	C40H36N4O16	uroporphyrinogen-III		
GLN	C5H10N2O3	L-glutamine		
DIHYDRONEOPTERIN-P	C9H12N5O7P	7,8-dihydroneopterin 3'-phosphate		
CPD-18076	C168H278N2O77P2	alpha-D-Glc-(1->2)-alpha-D-Glc-(1->3)-alpha-D-Glc-(1->3)-alpha-D-Man-(1->2)-alpha-D-Man-(1->2)-alpha-D-Man-(1->3)-[alpha-D-Man-(1->2)-alpha-D-Man-(1->3)-[alpha-D-Man-(1->2)-alpha-D-Man-(1->6)]-alpha-D-Man-(1->6)]-beta-D-Man-(1->4)-beta-D-GlcNAc-(1->4)-alpha-D-GlcNAc-diphosphodolichol		
|Pyruvate-dehydrogenase-acetylDHlipoyl|		a [pyruvate dehydrogenase E2 protein] N6-S-acetyldihydrolipoyl-L-lysine		
CPD-7851	C40H52O2	canthaxanthin		
CPD-14963	C34H33N4O5	C-132-carboxypyropheophorbide a		
CPD-5881	C9H15N5O4	(6R)-4a-hydroxy-tetrahydrobiopterin		
CPD-183	C7H5O5	gallate		
L-CYSTATHIONINE	C7H14N2O4S	L-cystathionine		
CARBAMATE	CH2NO2	carbamate		
AMINO-HYDROXYMETHYL-METHYLPYRIMIDINE-PP	C6H8N3O7P2	4-amino-2-methyl-5-(diphosphomethyl)pyrimidine		
CPD-11527	C35H52N7O19P3S	3-oxo-2-(cis-2'-pentenyl)-cyclopentane-1-(3R-hydroxybutanoyl)-CoA		
VAL	C5H11NO2	L-valine		
CDP-ETHANOLAMINE	C11H19N4O11P2	CDP-ethanolamine		
3-P-SERINE	C3H6NO6P	3-phospho-L-serine		
MALONATE-S-ALD	C3H3O3	3-oxopropanoate		
CPD-16015	C3H5NO2	2-iminopropanoate		
DUTP	C9H11N2O14P3	dUTP		
HYDROGEN-MOLECULE	H2	H2		
FERROCYTOCHROME-B5		a ferrocytochrome b5		
HYDROGEN-PEROXIDE	H2O2	hydrogen peroxide		
MANNOSE-1P	C6H11O9P	alpha-D-mannose 1-phosphate		
SUPER-OXIDE	O2	superoxide		
CPD-12916	C30H50O2	4alpha-hydroxymethyl,4beta,14alpha-dimethyl-9beta,19-cyclo-5alpha-cholest-24-en-3beta-ol		
CPD-18238	CHO6P	carboxyphosphate		
FE+2	Fe	Fe2+		
COB-I-ALAMIN	C63H88N13O15P	cob(I)alamin		
|Pyruvate-dehydrogenase-lipoate|		a [pyruvate dehydrogenase E2 protein] N6-lipoyl-L-lysine		
SO3	O3S	sulfite		
S-ALLANTOIN	C4H6N4O3	(S)-(+)-allantoin		
2-PHOSPHO-4-CYTIDINE-5-DIPHOSPHO-2-C-MET	C14H22N3O17P3	2-phospho-4-(cytidine 5'-diphospho)-2-C-methyl-D-erythritol		
4-METHYL-824-CHOLESTADIENOL	C28H46O	4alpha-methyl-zymosterol		
CPD-12513	C14H20N2O16P2	UDP-beta-L-arabinopyranose		
|Triacylglycerols|		a triacyl-sn-glycerol		
|N-4-aminobutylidene-enzyme-lysine|		a [deoxyhypusine synthase]-N-(4-aminobutylidene)-lysine		
|Alcohols|		an alcohol		
CPD-12853	C28H44O	4alpha-methyl-5alpha-cholesta-8,14,24-trien-3beta-ol		
GALACTOSE-1P	C6H11O9P	alpha-D-galactose 1-phosphate		
B-ALANINE	C3H7NO2	beta-alanine		
|Triacylglycerides|		a triglyceride		
CPD-14892	C28H46O	ergosta-7,25(27)-dienol		
L-PANTOATE	C6H11O4	(R)-pantoate		
CPD-9925	C32H38N7O19P3S	1,4-dihydroxy-2-naphthoyl-CoA		
GLC-1-P	C6H11O9P	alpha-D-glucopyranose 1-phosphate		
DGDP	C10H12N5O10P2	dGDP		
CPDIO2-5	C44H83NO7	1-16:0-2-18:1-diacylglycerol-trimethylhomoserine		
S-COCLAURINE	C17H20NO3	(S)-coclaurine		
|Di-trans-poly-cis-polyprenyl-PP|		a di-trans, poly-cis-polyisoprenyl diphosphate		
KDO2-LIPID-IVA	C84H148N2O37P2	alpha-Kdo-(2->4)-alpha-Kdo-(2->6)-lipid IVA		
CPD-11937	C6H7O27P7	1D-myo-inositol 3-diphosphate 1,2,4,5,6-pentakisphosphate		
L-DOPACHROME	C9H6NO4	L-dopachrome		
|D-Galactosyl-12-diacyl-glycerols|		a 1,2-diacyl-3-O-(beta-D-galactopyranosyl)-sn-glycerol		
ISOEUGENOL	C10H12O2	isoeugenol		
|Glycerolipids|		a glycerolipid		
|1-4-alpha-D-Glucan|		a 1,4-alpha-D-glucan		
ACRYLYL-COA	C24H34N7O17P3S	acryloyl-CoA		
CPD-504		a 1-monoglyceride		
|Unsulfurated-Sulfur-Acceptors|		an unsulfurated [sulfur carrier]		
CPD-11938	C6H6O30P8	1D-myo-inositol 1,5-bis(diphosphate) 2,3,4,6-tetrakisphosphate		
CPD-548	C11H16N3O7S	S-formylglutathione		
HCN	CHN	hydrogen cyanide		
BETA-D-FRUCTOSE	C6H12O6	beta-D-fructofuranose		
HX		HX		
CPD-17284		a [glycerolipid]-arachidonate		
CPD-11521	C37H56N7O18P3S	3-oxo-2-(cis-2'-pentenyl)-cyclopentane-1-hexanoyl-CoA		
CPD-13227	C24H41N3O16	N,N',N''-triacetylchitotriose		
CPD-7204	C13H20O	beta-ionone		
CPD-330	C6H10O6	L-galactono-1,4-lactone		
|apo-ACP|		an apo-[acyl-carrier protein]		
CPD-763	H2O3As1	arsenite		
DEOXYCYTIDINE	C9H13N3O4	2'-deoxycytidine		
CH3-MALONATE-S-ALD	C4H5O3	(S)-methylmalonate-semialdehyde		
GERANYLGERANYL-PP	C20H33O7P2	geranylgeranyl diphosphate		
CPD-15979	C6H11O9P	D-mannopyranose 6-phosphate		
2-KETO-3-METHYL-VALERATE	C6H9O3	(S)-3-methyl-2-oxopentanoate		
3-HYDROXY-PROPIONATE	C3H5O3	3-hydroxypropanoate		
DEOXYADENOSINE	C10H13N5O3	2'-deoxyadenosine		
L-DEHYDRO-ASCORBATE	C6H6O6	L-dehydro-ascorbate		
CPDQT-8	C6H12O6	hamamelose		
L-PHOSPHATIDATE		a 1,2-diacyl-sn-glycerol 3-phosphate		
CPD1F-98	C40H60	all-trans-zeta-carotene		
CPD-5168	C150H248N2O62P2	alpha-D-Man-(1->2)-alpha-D-Man-(1->2)-alpha-D-Man-(1->3)-[alpha-D-Man-(1->2)-alpha-D-Man-(1->3)-[alpha-D-Man-(1->2)-alpha-D-Man-(1->6)]-alpha-D-Man-(1->6)]-beta-D-Man-(1->4)-beta-D-GlcNAc-(1->4)-alpha-D-GlcNAc-diphosphodolichol		
|1-3-beta-D-Glucans|		a 1,3-beta-D-glucan		
CPD-17650	C40H56O	isocryptoxanthin		
CPD1F-90	C15H9O6	kaempferol		
|Very-Long-Chain-oxoacyl-CoAs|		a very-long-chain oxoacyl-CoA		
CPD-4206	C15H20N5O8P	trans-zeatin riboside monophosphate		
CPD-465	C30H49O7P2	presqualene diphosphate		
ACETYL-GLU	C7H9NO5	N-acetyl-L-glutamate		
OXALACETIC_ACID	C4H2O5	oxaloacetate		
|Plastoquinols|	C53H82O2	a plastoquinol		
|Starch|		starch		
ACETALD	C2H4O	acetaldehyde		
CPD-11520	C39H58N7O19P3S	3-oxo-2-(cis-2'-pentenyl)-cyclopentane-1-(3-oxooctanoyl)-CoA		
ACYL-SN-GLYCEROL-3P		a 1-acyl-sn-glycerol 3-phosphate		
N-5-PHOSPHORIBOSYL-ANTHRANILATE	C12H13NO9P	N-(5-phosphoribosyl)-anthranilate		
CPD-5165	C132H218N2O47P2	alpha-D-Man-(1->2)-alpha-D-Man-(1->2)-alpha-D-Man-(1->3)-[alpha-D-Man-(1->3)-alpha-D-Man-(1->6)]-beta-D-Man-(1->4)-beta-D-GlcNAc-(1->4)-alpha-D-GlcNAc-diphosphodolichol		
CPD-5166	C138H228N2O52P2	alpha-D-Man-(1->2)-alpha-D-Man-(1->2)-alpha-D-Man-(1->3)-[alpha-D-Man-(1->2)-alpha-D-Man-(1->3)-alpha-D-Man-(1->6)]-beta-D-Man-(1->4)-beta-D-GlcNAc-(1->4)-alpha-D-GlcNAc-diphosphodolichol		
THIAMINE	C12H17N4OS	thiamine		
CPD-469	C7H10NO4	N-acetyl-L-glutamate 5-semialdehyde		
L-ALPHA-ALANINE	C3H7NO2	L-alanine		
|L-glutamyl-tRNAGln|		an L-glutamyl-[tRNAGln]		
GUANOSINE	C10H13N5O5	guanosine		
CPD-7003	C20H37O7P2	tetrahydrogeranylgeranyl diphosphate		
CPD-5441	C4H11NO4P	N-dimethylethanolamine phosphate		
UDP-OHMYR-ACETYLGLUCOSAMINE	C31H51N3O19P2	UDP-3-O-[(3R)-3-hydroxymyristoyl]-N-acetyl-alpha-D-glucosamine		
L-ORNITHINE	C5H13N2O2	L-ornithine		
|Linoleoyl-groups|		a [glycerolipid]-linoleate		
HOMO-CYS	C4H9NO2S	L-homocysteine		
DIHYDROPTERIN-CH2OH-PP	C7H8N5O8P2	(7,8-dihydropterin-6-yl)methyl diphosphate		
CPD-13717	C7H14N2O4Se	L-selenocystathionine		
UDP-GLUCURONATE	C15H19N2O18P2	UDP-alpha-D-glucuronate		
ACETYL-P	C2H3O5P	acetyl phosphate		
|Protein-Disulfides|		a protein disulfide		
CPD-10296	C33H33N4O3	pyropheophorbide a		
|Sphingoid-1-phosphates|		a sphingoid 1-phosphate		
|Amino-Acids-20|		a proteinogenic amino acid		
CPD-13518	C6H15N4O3	Nomega-hydroxy-L-arginine		
CPD-12378		melanochrome		
CPD-3	MoO4	molybdate		
CPD-7847	C40H52O4	3S,3'S-astaxanthin		
1-PHOSPHATIDYL-1D-MYO-INOSITOL-35-BISPH		1-phosphatidyl-1D-myo-inositol 3,5-bisphosphate		
|Hex-2-enoyl-ACPs|		a trans hex-2-enoyl-[acp]		
ETHANOL-AMINE	C2H8NO	ethanolamine		
|Sulfurated-Sulfur-Acceptors|		a sulfurated [sulfur carrier]		
CL-	Cl	chloride		
CPD-16013	C4H6NO2	2-iminobutanoate		
D-SERINE	C3H7NO3	D-serine		
MG+2	Mg	Mg2+		
|BCCP-biotin-L-lysine|		a [biotin carboxyl-carrier protein]-biotin-N6-L-lysine		
CPD-4202	C15H21N5O14P3	trans-zeatin riboside triphosphate		
MALONYL-ACP		a malonyl-[acp]		
CPD-12850	C29H48O	4alpha,14alpha-dimethyl-9beta,19-cyclo-5alpha-cholest-24-en-3beta-ol		
|S-Substituted-Glutathione|		a glutathione-toxin conjugate		
|D-glucopyranose-6-phosphate|	C6H11O9P	D-glucopyranose 6-phosphate		
|Inositolphosphoryl-Ceramides|		an inositolphosphodihydroceramide		
METOH	CH4O	methanol		
PROTEIN-LIPOYLLYSINE		a [glycine-cleavage complex H protein] N6-lipoyl-L-lysine		
CPD-13912	C6H8O8	2-carboxy-L-threo-pentonate		
|Butanoyl-ACPs|		a butanoyl-[acp]		
O-SUCCINYL-L-HOMOSERINE	C8H12NO6	O-succinyl-L-homoserine		
LYS	C6H15N2O2	L-lysine		
|2-Acylglycero-Phosphocholines|		a 2-acyl 1-lyso-phosphatidylcholine		
|Saturated-Fatty-Acyl-ACPs|		a 2,3,4-saturated fatty acyl-[acp]		
|Methylated-methyl-acceptors|		a methylated methyl donor		
CPD-12365	C10H12N5O8P	8-oxo-dGMP		
PRO	C5H9NO2	L-proline		
CPD-4211	C5H9O7P2	dimethylallyl diphosphate		
CMP-KDO	C17H24N3O15P	CMP-3-deoxy-beta-D-manno-octulosonate		
HISTIDINOL	C6H12N3O	histidinol		
2-3-CARBOXY-3-AMINOPROPYL-L-HISTIDINE		a 2-[(3S)-3-amino-3-carboxypropyl]-L-histidine-[translation elongation factor 2]		
|tRNA-Sec|		a tRNAsec		
ADENOSYL-HOMO-CYS	C14H20N6O5S	S-adenosyl-L-homocysteine		
|O-Glucosylsterols|		a sterol 3-glucoside		
|Phosphoglucomutase|		a phosphoglucomutase		
CPD-178	C6H8O18P4	D-myo-inositol (3,4,5,6)-tetrakisphosphate		
|Lysophospholipids|		a lyso-phospholipid		
DIHYDROXYINDOLE	C8H7NO2	5,6-dihydroxyindole		
CPD-5167	C144H238N2O57P2	alpha-D-Man-a-(1->2)-alpha-D-Man-(1->2)-alpha-D-Man-(1->3)-[alpha-D-Man-(1->2)-alpha-D-Man-(1->3)-[alpha-D-Man-(1->6)]-alpha-D-Man-(1->6)]-beta-D-Man-(1->4)-beta-D-GlcNAc-(1->4)-alpha-D-GlcNAc-diphosphodolichol		
D-GLUCOSAMINE-6-P	C6H13NO8P	D-glucosamine 6-phosphate		
CPD-19776	C49H56FeN4O7	hydroxyferroheme i		
ACET	C2H3O2	acetate		
NICOTINAMIDE_NUCLEOTIDE	C11H14N2O8P	beta-nicotinamide D-ribonucleotide		
ERYTHROSE-4P	C4H7O7P	D-erythrose 4-phosphate		
|2-trans-4-cis-dienoyl-CoAs|		a 2-trans-4-cis-dienoyl-CoA		
N-ACETYL-5-METHOXY-TRYPTAMINE	C13H16N2O2	melatonin		
CPD-7014	C35H30MgN4O6	chlorophyllide b		
CPD-2187	C43H80O10	1-18:1-2-16:0-monogalactosyldiacylglycerol		
DIAMINONONANOATE	C9H21N2O2	7,8-diaminopelargonate		
L-3-HYDROXYACYL-COA		a (3S)-3-hydroxyacyl-CoA		
1-KETO-2-METHYLVALERATE	C6H11O4	(R)-2,3-dihydroxy-3-methylpentanoate		
SIROHYDROCHLORIN	C42H38N4O16	sirohydrochlorin		
CPD-1301	C29H33N9O12	tetrahydropteroyl tri-L-glutamate		
|carboxybiotin-L-lysine-in-BCCP-dimers|		a [carboxyl-carrier protein dimer]-N6-carboxybiotinyl-L-lysine		
CPD-1091	C3H5N2O4	(S)-ureidoglycolate		
CPD-649	C18H39NO5P	sphinganine 1-phosphate		
|Glucopyranose|	C6H12O6	D-glucopyranose		
CHLOROPHYLL-B	C55H70MgN4O6	chlorophyll b		
|Red-NADPH-Hemoprotein-Reductases|		a reduced [NADPH-hemoprotein reductase]		
CPD1F-129	C40H56	beta-carotene		
|Aldehydes|		an aldehyde		
CPD-597	C5H14N3O	N-carbamoylputrescine		
4-CYTIDINE-5-DIPHOSPHO-2-C	C14H23N3O14P2	4-(cytidine 5'-diphospho)-2-C-methyl-D-erythritol		
DEAMIDO-NAD	C21H24N6O15P2	nicotinate adenine dinucleotide		
|Diphthine-methyl-ester-EF2|		a diphthine methyl ester-[translation elongation factor 2]		
GLYCEROL	C3H8O3	glycerol		
CPD-15741	C21H28NO4	laudanosine		
L-GLUTAMATE_GAMMA-SEMIALDEHYDE	C5H9NO3	L-glutamate-5-semialdehyde		
CPD-11700	C6H6O27P7	1D-myo-inositol 1-diphosphate 2,3,4,5,6-pentakisphosphate		
ISOVALERYL-COA	C26H40N7O17P3S	isovaleryl-CoA		
ADENOSYLCOBALAMIN	C73H100N18O18P	adenosylcobalamin		
CPD-4201	C15H21N5O13P3	N6-(Delta2-isopentenyl)-adenosine 5'-triphosphate		
|R-3-Hydroxypalmitoyl-ACPs|		a (3R)-3-hydroxypalmitoyl-[acp]		
N-ALPHA-ACETYLORNITHINE	C7H14N2O3	N-acetyl-L-ornithine		
CPD-8268	C39H71O8P	dioleoyl phosphatidate		
PALMITATE	C16H31O2	palmitate		
CPD1F-119	C40H56O2	lutein		
CPD-7496	C40H56	prolycopene		
PHOSPHORIBOSYL-FORMIMINO-AICAR-P	C15H21N5O15P2	1-(5-phospho-beta-D-ribosyl)-5-[(5-phosphoribosylamino)methylideneamino]imidazole-4-carboxamide		
8-AMINO-7-OXONONANOATE	C9H17NO3	8-amino-7-oxononanoate		
CARBON-DIOXIDE	CO2	CO2		
CPD-12575	C15H22N2O17P2	UDP-alpha-D-glucose		
|N5-Formyl-THF-Glu-N|		an (6S)-N5-formyl-tetrahydrofolate		
4-AMINO-BUTYRATE	C4H9NO2	4-aminobutanoate		
CPDQT-7	C6H14O12P2	hamamelose-21,5-bisphosphate		
|Pi|	HO4P	phosphate		
|Ox-Thioredoxin|		an oxidized thioredoxin		
CDP	C9H12N3O11P2	CDP		
NIACINAMIDE	C6H6N2O	nicotinamide		
SUC-COA	C25H35N7O19P3S	succinyl-CoA		
PHYTYL-PYROPHOSPHATE	C20H39O7P2	phytyl diphosphate		
CPD-20421	C40H56O2	4,4-dihydroxy-beta,beta-carotene		
|Trans-D2-decenoyl-ACPs|		a (2E)-dec-2-enoyl-[acp]		
MYO-INOSITOL	C6H12O6	myo-inositol		
|trans-3-cis-5-dienoyl-CoA|		a (3E,5Z)-alkan-3,5-dienoyl-CoA		
CDP-CHOLINE	C14H25N4O11P2	CDP-choline		
G3P	C3H4O7P	3-phospho-D-glycerate		
CPD-8987	C18H26NO6	senecionine N-oxide		
DI-H-OROTATE	C5H5N2O4	(S)-dihydroorotate		
PANTETHEINE-P	C11H21N2O7PS	4'-phosphopantetheine		
CPD-15839	C27H40O2	delta-tocotrienol		
INOSITOL-1-4-BISPHOSPHATE	C6H10O12P2	D-myo-inositol (1,4)-bisphosphate		
PROPANE-1-2-DIOL	C3H8O2	(S)-propane-1,2-diol		
CPD-13907	C6H8O7	dehydroascorbate (bicyclic form)		
APS	C10H12N5O10PS	adenosine 5'-phosphosulfate		
CPD-14275	C41H70N7O18P3S	(3R)-3-hydroxy-arachidoyl-CoA		
CPD-8122	C20H23N10O12P2S2	molybdopterin adenine dinucleotide		
|Methyl-thioethers|		a methyl thioether		
AICAR	C9H13N4O8P	5-amino-1-(5-phospho-D-ribosyl)imidazole-4-carboxamide		
|2-Lysophosphatidylcholines|		a 1-acyl-sn-glycero-3-phosphocholine		
CPD-15799	C18H22NO4	(S)-norreticuline		
CPD-12221	C1H3BR1	methyl bromide		
N-ACETYL-D-GLUCOSAMINE-6-P	C8H14NO9P	N-acetyl-D-glucosamine 6-phosphate		
L-ARGININO-SUCCINATE	C10H17N4O6	L-arginino-succinate		
DIAMINO-OH-PHOSPHORIBOSYLAMINO-PYR	C9H14N5O8P	2,5-diamino-6-(5-phospho-D-ribosylamino)pyrimidin-4(3H)-one		
CPD-578	C2H3N2O3	urea-1-carboxylate		
CPD-7002	C20H35O7P2	dihydrogeranylgeranyl diphosphate		
D-ERYTHRO-IMIDAZOLE-GLYCEROL-P	C6H9N2O6P	D-erythro-imidazole-glycerol-phosphate		
5-PHOSPHORIBOSYL-5-AMINOIMIDAZOLE	C8H13N3O7P	5-amino-1-(5-phospho-beta-D-ribosyl)imidazole		
PHOSPHO-ENOL-PYRUVATE	C3H2O6P	phosphoenolpyruvate		
3-KETOACYL-COA		a 3-oxoacyl-CoA		
URACIL	C4H4N2O2	uracil		
D-RIBULOSE-1-P	C5H9O8P	D-ribulose 1-phosphate		
ERGOSTEROL	C28H44O	ergosterol		
CPD-15837	C28H42O2	beta-tocotrienol		
|BCAA-dehydrogenase-2MB-DH-lipoyl|		an [apo BCAA dehydrogenase E2 protein] N6-S-[2-methylbutanoyl]dihydrolipoyl-L-lysine		
HIS	C6H9N3O2	L-histidine		
|Glucans|		a glucan		
CPD-7016	C55H71MgN4O6	71-hydroxychlorophyll a		
CPD-12918	C30H48O2	4alpha-formyl,4beta,14alpha-dimethyl-9beta,19-cyclo-5alpha-cholest-24-en-3beta-ol		
COPROPORPHYRINOGEN_III	C36H40N4O8	coproporphyrinogen III		
D-MYO-INOSITOL-4-PHOSPHATE	C6H11O9P	1D-myo-inositol 4-monophosphate		
3-CARBOXY-3-HYDROXY-ISOCAPROATE	C7H10O5	(2S)-2-isopropylmalate		
DOLICHOLP	C80H131O4P	a dolichyl phosphate		
N-ACETYL-GLUTAMYL-P	C7H9NO8P	N-acetylglutamyl-phosphate		
CPD1F-114	C40H56	all-trans-lycopene		
|Folatepolyglutamate-n|		a folylpolyglutamate(n)		
DELTA1-PIPERIDEINE-2-6-DICARBOXYLATE	C7H7NO4	(S)-2,3,4,5-tetrahydrodipicolinate		
DIHYDROXY-ACETONE-PHOSPHATE	C3H5O6P	glycerone phosphate		
ACETOL	C3H6O2	acetol		
CPD-9923	C11H10O6	(1R,6R)-6-hydroxy-2-succinylcyclohexa-2,4-diene-1-carboxylate		
OXYGEN-MOLECULE	O2	oxygen		
INDOLE_ACETATE_AUXIN	C10H8NO2	(indol-3-yl)acetate		
|3-oxo-palmitoyl-ACPs|		a 3-oxo-palmitoyl-[acp]		
DIPHTINE		a diphthine-[translation elongation factor 2]		
AMINOMETHYLDIHYDROLIPOYL-GCVH		a [glycine-cleavage complex H protein] N6-aminomethyldihydrolipoyl-L-lysine		
|2-Hexadecenoyl-ACPs|		a trans hexadecenoyl-[acp]		
CPD-14274	C47H80N7O18P3S	3-oxo-cerotoyl-CoA		
PRECURSOR-Z	C10H11N5O7P	cyclic pyranopterin phosphate		
